SIMONS,MODEL001,/research_data/migrated_data/tablets_manufacturing/data_simonis1.xlsb
SIMONS,MODEL002,/research_data/migrated_data/tablets_manufacturing/data_simonis1.xlsb
SIMONS,MODEL003,/research_data/migrated_data/tablets_manufacturing/data_simonis1.xlsb
SIMONS,MODEL004,/research_data/migrated_data/tablets_manufacturing/data_simonis1.xlsb
SIMONS,SET1,/research_data/migrated_data/tablets_manufacturing/data_simonis1.xlsb
SIMONS,SET2,/research_data/migrated_data/tablets_manufacturing/data_simonis1.xlsb
SIMONS,SET3,/research_data/migrated_data/tablets_manufacturing/data_simonis2.xlsb
SIMONS,SET4,/research_data/migrated_data/tablets_manufacturing/data_simonis2.xlsb
SIMONS,SET5,/research_data/migrated_data/tablets_manufacturing/data_simonis3.xlsb
AKARTUNALI,AKARTUNALI_SET1,/research_data/migrated_data/multilsb/multilsb_akartunali_miller.xlsb
AKARTUNALI,AKARTUNALI_SET2,/research_data/migrated_data/multilsb/multilsb_akartunali_miller.xlsb
AKARTUNALI,AKARTUNALI_SET3,/research_data/migrated_data/multilsb/multilsb_akartunali_miller.xlsb
AKARTUNALI,AKARTUNALI_SET4,/research_data/migrated_data/multilsb/multilsb_akartunali_miller.xlsb
SUERIE,SUERIE_0001,/research_data/migrated_data/datab/datab_suerie.xlsb
SUERIE,SUERIE_0002,/research_data/migrated_data/datab/datab_suerie.xlsb
SUERIE,SUERIE_0003,/research_data/migrated_data/datab/datab_suerie.xlsb
SUERIE,SUERIE_0004,/research_data/migrated_data/datab/datab_suerie.xlsb
SUERIE,SUERIE_0005,/research_data/migrated_data/datab/datab_suerie.xlsb
SUERIE,SUERIE_0006,/research_data/migrated_data/datab/datab_suerie.xlsb
SUERIE,SUERIE_0007,/research_data/migrated_data/datab/datab_suerie.xlsb
SUERIE,SUERIE_0008,/research_data/migrated_data/datab/datab_suerie.xlsb
SUERIE,SUERIE_0009,/research_data/migrated_data/datab/datab_suerie.xlsb
SUERIE,SUERIE_0010,/research_data/migrated_data/datab/datab_suerie.xlsb
SUERIE,SUERIE_0011,/research_data/migrated_data/datab/datab_suerie.xlsb
SUERIE,SUERIE_0012,/research_data/migrated_data/datab/datab_suerie.xlsb
SUERIE,SUERIE_0013,/research_data/migrated_data/datab/datab_suerie.xlsb
SUERIE,SUERIE_0014,/research_data/migrated_data/datab/datab_suerie.xlsb
SUERIE,SUERIE_0015,/research_data/migrated_data/datab/datab_suerie.xlsb
SUERIE,SUERIE_0016,/research_data/migrated_data/datab/datab_suerie.xlsb
SUERIE,SUERIE_0017,/research_data/migrated_data/datab/datab_suerie.xlsb
SUERIE,SUERIE_0018,/research_data/migrated_data/datab/datab_suerie.xlsb
SUERIE,SUERIE_0019,/research_data/migrated_data/datab/datab_suerie.xlsb
SUERIE,SUERIE_0020,/research_data/migrated_data/datab/datab_suerie.xlsb
SUERIE,SUERIE_0021,/research_data/migrated_data/datab/datab_suerie.xlsb
SUERIE,SUERIE_0022,/research_data/migrated_data/datab/datab_suerie.xlsb
SUERIE,SUERIE_0023,/research_data/migrated_data/datab/datab_suerie.xlsb
SUERIE,SUERIE_0024,/research_data/migrated_data/datab/datab_suerie.xlsb
SUERIE,SUERIE_0025,/research_data/migrated_data/datab/datab_suerie.xlsb
SUERIE,SUERIE_0026,/research_data/migrated_data/datab/datab_suerie.xlsb
SUERIE,SUERIE_0027,/research_data/migrated_data/datab/datab_suerie.xlsb
SUERIE,SUERIE_0028,/research_data/migrated_data/datab/datab_suerie.xlsb
SUERIE,SUERIE_0029,/research_data/migrated_data/datab/datab_suerie.xlsb
SUERIE,SUERIE_0030,/research_data/migrated_data/datab/datab_suerie.xlsb
SUERIE,SUERIE_0031,/research_data/migrated_data/datab/datab_suerie.xlsb
SUERIE,SUERIE_0032,/research_data/migrated_data/datab/datab_suerie.xlsb
SUERIE,SUERIE_0033,/research_data/migrated_data/datab/datab_suerie.xlsb
SUERIE,SUERIE_0034,/research_data/migrated_data/datab/datab_suerie.xlsb
SUERIE,SUERIE_0035,/research_data/migrated_data/datab/datab_suerie.xlsb
SUERIE,SUERIE_0036,/research_data/migrated_data/datab/datab_suerie.xlsb
SUERIE,SUERIE_0037,/research_data/migrated_data/datab/datab_suerie.xlsb
SUERIE,SUERIE_0038,/research_data/migrated_data/datab/datab_suerie.xlsb
SUERIE,SUERIE_0039,/research_data/migrated_data/datab/datab_suerie.xlsb
SUERIE,SUERIE_0040,/research_data/migrated_data/datab/datab_suerie.xlsb
SUERIE,SUERIE_0041,/research_data/migrated_data/datab/datab_suerie.xlsb
SUERIE,SUERIE_0042,/research_data/migrated_data/datab/datab_suerie.xlsb
SUERIE,SUERIE_0043,/research_data/migrated_data/datab/datab_suerie.xlsb
SUERIE,SUERIE_0044,/research_data/migrated_data/datab/datab_suerie.xlsb
SUERIE,SUERIE_0045,/research_data/migrated_data/datab/datab_suerie.xlsb
SUERIE,SUERIE_0046,/research_data/migrated_data/datab/datab_suerie.xlsb
SUERIE,SUERIE_0047,/research_data/migrated_data/datab/datab_suerie.xlsb
SUERIE,SUERIE_0048,/research_data/migrated_data/datab/datab_suerie.xlsb
SUERIE,SUERIE_0049,/research_data/migrated_data/datab/datab_suerie.xlsb
SUERIE,SUERIE_0050,/research_data/migrated_data/datab/datab_suerie.xlsb
SUERIE,SUERIE_0051,/research_data/migrated_data/datab/datab_suerie.xlsb
SUERIE,SUERIE_0052,/research_data/migrated_data/datab/datab_suerie.xlsb
SUERIE,SUERIE_0053,/research_data/migrated_data/datab/datab_suerie.xlsb
SUERIE,SUERIE_0054,/research_data/migrated_data/datab/datab_suerie.xlsb
SUERIE,SUERIE_0055,/research_data/migrated_data/datab/datab_suerie.xlsb
SUERIE,SUERIE_0056,/research_data/migrated_data/datab/datab_suerie.xlsb
SUERIE,SUERIE_0057,/research_data/migrated_data/datab/datab_suerie.xlsb
SUERIE,SUERIE_0058,/research_data/migrated_data/datab/datab_suerie.xlsb
SUERIE,SUERIE_0059,/research_data/migrated_data/datab/datab_suerie.xlsb
SUERIE,SUERIE_0060,/research_data/migrated_data/datab/datab_suerie.xlsb
TEMPELMEIER,TM_111AA_1,/research_data/migrated_data/class_1_6/class1_6_tempelmeier.xlsb
TEMPELMEIER,TM_112AA_1,/research_data/migrated_data/class_1_6/class1_6_tempelmeier.xlsb
TEMPELMEIER,TM_113AA_1,/research_data/migrated_data/class_1_6/class1_6_tempelmeier.xlsb
TEMPELMEIER,TM_114AA_1,/research_data/migrated_data/class_1_6/class1_6_tempelmeier.xlsb
TEMPELMEIER,TM_121AA_1,/research_data/migrated_data/class_1_6/class1_6_tempelmeier.xlsb
TEMPELMEIER,TM_122AA_1,/research_data/migrated_data/class_1_6/class1_6_tempelmeier.xlsb
TEMPELMEIER,TM_123AA_1,/research_data/migrated_data/class_1_6/class1_6_tempelmeier.xlsb
TEMPELMEIER,TM_124AA_1,/research_data/migrated_data/class_1_6/class1_6_tempelmeier.xlsb
TEMPELMEIER,TM_131AA_1,/research_data/migrated_data/class_1_6/class1_6_tempelmeier.xlsb
TEMPELMEIER,TM_132AA_1,/research_data/migrated_data/class_1_6/class1_6_tempelmeier.xlsb
TEMPELMEIER,TM_133AA_1,/research_data/migrated_data/class_1_6/class1_6_tempelmeier.xlsb
TEMPELMEIER,TM_134AA_1,/research_data/migrated_data/class_1_6/class1_6_tempelmeier.xlsb
TEMPELMEIER,TM_111AA_2,/research_data/migrated_data/class_1_6/class1_6_tempelmeier.xlsb
TEMPELMEIER,TM_112AA_2,/research_data/migrated_data/class_1_6/class1_6_tempelmeier.xlsb
TEMPELMEIER,TM_113AA_2,/research_data/migrated_data/class_1_6/class1_6_tempelmeier.xlsb
TEMPELMEIER,TM_114AA_2,/research_data/migrated_data/class_1_6/class1_6_tempelmeier.xlsb
TEMPELMEIER,TM_121AA_2,/research_data/migrated_data/class_1_6/class1_6_tempelmeier.xlsb
TEMPELMEIER,TM_122AA_2,/research_data/migrated_data/class_1_6/class1_6_tempelmeier.xlsb
TEMPELMEIER,TM_123AA_2,/research_data/migrated_data/class_1_6/class1_6_tempelmeier.xlsb
TEMPELMEIER,TM_124AA_2,/research_data/migrated_data/class_1_6/class1_6_tempelmeier.xlsb
TEMPELMEIER,TM_131AA_2,/research_data/migrated_data/class_1_6/class1_6_tempelmeier.xlsb
TEMPELMEIER,TM_132AA_2,/research_data/migrated_data/class_1_6/class1_6_tempelmeier.xlsb
TEMPELMEIER,TM_133AA_2,/research_data/migrated_data/class_1_6/class1_6_tempelmeier.xlsb
TEMPELMEIER,TM_134AA_2,/research_data/migrated_data/class_1_6/class1_6_tempelmeier.xlsb
TEMPELMEIER,TM_111AC_1,/research_data/migrated_data/class_1_6/class1_6_tempelmeier.xlsb
TEMPELMEIER,TM_112AC_1,/research_data/migrated_data/class_1_6/class1_6_tempelmeier.xlsb
TEMPELMEIER,TM_113AC_1,/research_data/migrated_data/class_1_6/class1_6_tempelmeier.xlsb
TEMPELMEIER,TM_114AC_1,/research_data/migrated_data/class_1_6/class1_6_tempelmeier.xlsb
TEMPELMEIER,TM_121AC_1,/research_data/migrated_data/class_1_6/class1_6_tempelmeier.xlsb
TEMPELMEIER,TM_122AC_1,/research_data/migrated_data/class_1_6/class1_6_tempelmeier.xlsb
TEMPELMEIER,TM_123AC_1,/research_data/migrated_data/class_1_6/class1_6_tempelmeier.xlsb
TEMPELMEIER,TM_124AC_1,/research_data/migrated_data/class_1_6/class1_6_tempelmeier.xlsb
TEMPELMEIER,TM_131AC_1,/research_data/migrated_data/class_1_6/class1_6_tempelmeier.xlsb
TEMPELMEIER,TM_132AC_1,/research_data/migrated_data/class_1_6/class1_6_tempelmeier.xlsb
TEMPELMEIER,TM_133AC_1,/research_data/migrated_data/class_1_6/class1_6_tempelmeier.xlsb
TEMPELMEIER,TM_134AC_1,/research_data/migrated_data/class_1_6/class1_6_tempelmeier.xlsb
TEMPELMEIER,TM_111AC_2,/research_data/migrated_data/class_1_6/class1_6_tempelmeier.xlsb
TEMPELMEIER,TM_112AC_2,/research_data/migrated_data/class_1_6/class1_6_tempelmeier.xlsb
TEMPELMEIER,TM_113AC_2,/research_data/migrated_data/class_1_6/class1_6_tempelmeier.xlsb
TEMPELMEIER,TM_114AC_2,/research_data/migrated_data/class_1_6/class1_6_tempelmeier.xlsb
TEMPELMEIER,TM_121AC_2,/research_data/migrated_data/class_1_6/class1_6_tempelmeier.xlsb
TEMPELMEIER,TM_122AC_2,/research_data/migrated_data/class_1_6/class1_6_tempelmeier.xlsb
TEMPELMEIER,TM_123AC_2,/research_data/migrated_data/class_1_6/class1_6_tempelmeier.xlsb
TEMPELMEIER,TM_124AC_2,/research_data/migrated_data/class_1_6/class1_6_tempelmeier.xlsb
TEMPELMEIER,TM_131AC_2,/research_data/migrated_data/class_1_6/class1_6_tempelmeier.xlsb
TEMPELMEIER,TM_132AC_2,/research_data/migrated_data/class_1_6/class1_6_tempelmeier.xlsb
TEMPELMEIER,TM_133AC_2,/research_data/migrated_data/class_1_6/class1_6_tempelmeier.xlsb
TEMPELMEIER,TM_134AC_2,/research_data/migrated_data/class_1_6/class1_6_tempelmeier.xlsb
TEMPELMEIER,TM_111GA_1,/research_data/migrated_data/class_1_6/class1_6_tempelmeier.xlsb
TEMPELMEIER,TM_112GA_1,/research_data/migrated_data/class_1_6/class1_6_tempelmeier.xlsb
TEMPELMEIER,TM_113GA_1,/research_data/migrated_data/class_1_6/class1_6_tempelmeier.xlsb
TEMPELMEIER,TM_114GA_1,/research_data/migrated_data/class_1_6/class1_6_tempelmeier.xlsb
TEMPELMEIER,TM_121GA_1,/research_data/migrated_data/class_1_6/class1_6_tempelmeier.xlsb
TEMPELMEIER,TM_122GA_1,/research_data/migrated_data/class_1_6/class1_6_tempelmeier.xlsb
TEMPELMEIER,TM_123GA_1,/research_data/migrated_data/class_1_6/class1_6_tempelmeier.xlsb
TEMPELMEIER,TM_124GA_1,/research_data/migrated_data/class_1_6/class1_6_tempelmeier.xlsb
TEMPELMEIER,TM_131GA_1,/research_data/migrated_data/class_1_6/class1_6_tempelmeier.xlsb
TEMPELMEIER,TM_132GA_1,/research_data/migrated_data/class_1_6/class1_6_tempelmeier.xlsb
TEMPELMEIER,TM_133GA_1,/research_data/migrated_data/class_1_6/class1_6_tempelmeier.xlsb
TEMPELMEIER,TM_134GA_1,/research_data/migrated_data/class_1_6/class1_6_tempelmeier.xlsb
TEMPELMEIER,TM_111GA_2,/research_data/migrated_data/class_1_6/class1_6_tempelmeier.xlsb
TEMPELMEIER,TM_112GA_2,/research_data/migrated_data/class_1_6/class1_6_tempelmeier.xlsb
TEMPELMEIER,TM_113GA_2,/research_data/migrated_data/class_1_6/class1_6_tempelmeier.xlsb
TEMPELMEIER,TM_114GA_2,/research_data/migrated_data/class_1_6/class1_6_tempelmeier.xlsb
TEMPELMEIER,TM_121GA_2,/research_data/migrated_data/class_1_6/class1_6_tempelmeier.xlsb
TEMPELMEIER,TM_122GA_2,/research_data/migrated_data/class_1_6/class1_6_tempelmeier.xlsb
TEMPELMEIER,TM_123GA_2,/research_data/migrated_data/class_1_6/class1_6_tempelmeier.xlsb
TEMPELMEIER,TM_124GA_2,/research_data/migrated_data/class_1_6/class1_6_tempelmeier.xlsb
TEMPELMEIER,TM_131GA_2,/research_data/migrated_data/class_1_6/class1_6_tempelmeier.xlsb
TEMPELMEIER,TM_132GA_2,/research_data/migrated_data/class_1_6/class1_6_tempelmeier.xlsb
TEMPELMEIER,TM_133GA_2,/research_data/migrated_data/class_1_6/class1_6_tempelmeier.xlsb
TEMPELMEIER,TM_134GA_2,/research_data/migrated_data/class_1_6/class1_6_tempelmeier.xlsb
TEMPELMEIER,TM_111GC_1,/research_data/migrated_data/class_1_6/class1_6_tempelmeier.xlsb
TEMPELMEIER,TM_112GC_1,/research_data/migrated_data/class_1_6/class1_6_tempelmeier.xlsb
TEMPELMEIER,TM_113GC_1,/research_data/migrated_data/class_1_6/class1_6_tempelmeier.xlsb
TEMPELMEIER,TM_114GC_1,/research_data/migrated_data/class_1_6/class1_6_tempelmeier.xlsb
TEMPELMEIER,TM_121GC_1,/research_data/migrated_data/class_1_6/class1_6_tempelmeier.xlsb
TEMPELMEIER,TM_122GC_1,/research_data/migrated_data/class_1_6/class1_6_tempelmeier.xlsb
TEMPELMEIER,TM_123GC_1,/research_data/migrated_data/class_1_6/class1_6_tempelmeier.xlsb
TEMPELMEIER,TM_124GC_1,/research_data/migrated_data/class_1_6/class1_6_tempelmeier.xlsb
TEMPELMEIER,TM_131GC_1,/research_data/migrated_data/class_1_6/class1_6_tempelmeier.xlsb
TEMPELMEIER,TM_132GC_1,/research_data/migrated_data/class_1_6/class1_6_tempelmeier.xlsb
TEMPELMEIER,TM_133GC_1,/research_data/migrated_data/class_1_6/class1_6_tempelmeier.xlsb
TEMPELMEIER,TM_134GC_1,/research_data/migrated_data/class_1_6/class1_6_tempelmeier.xlsb
TEMPELMEIER,TM_111GC_2,/research_data/migrated_data/class_1_6/class1_6_tempelmeier.xlsb
TEMPELMEIER,TM_112GC_2,/research_data/migrated_data/class_1_6/class1_6_tempelmeier.xlsb
TEMPELMEIER,TM_113GC_2,/research_data/migrated_data/class_1_6/class1_6_tempelmeier.xlsb
TEMPELMEIER,TM_114GC_2,/research_data/migrated_data/class_1_6/class1_6_tempelmeier.xlsb
TEMPELMEIER,TM_121GC_2,/research_data/migrated_data/class_1_6/class1_6_tempelmeier.xlsb
TEMPELMEIER,TM_122GC_2,/research_data/migrated_data/class_1_6/class1_6_tempelmeier.xlsb
TEMPELMEIER,TM_123GC_2,/research_data/migrated_data/class_1_6/class1_6_tempelmeier.xlsb
TEMPELMEIER,TM_124GC_2,/research_data/migrated_data/class_1_6/class1_6_tempelmeier.xlsb
TEMPELMEIER,TM_131GC_2,/research_data/migrated_data/class_1_6/class1_6_tempelmeier.xlsb
TEMPELMEIER,TM_132GC_2,/research_data/migrated_data/class_1_6/class1_6_tempelmeier.xlsb
TEMPELMEIER,TM_133GC_2,/research_data/migrated_data/class_1_6/class1_6_tempelmeier.xlsb
TEMPELMEIER,TM_134GC_2,/research_data/migrated_data/class_1_6/class1_6_tempelmeier.xlsb
TEMPELMEIER,TM_211AA_1,/research_data/migrated_data/class_1_6/class1_6_tempelmeier.xlsb
TEMPELMEIER,TM_212AA_1,/research_data/migrated_data/class_1_6/class1_6_tempelmeier.xlsb
TEMPELMEIER,TM_213AA_1,/research_data/migrated_data/class_1_6/class1_6_tempelmeier.xlsb
TEMPELMEIER,TM_214AA_1,/research_data/migrated_data/class_1_6/class1_6_tempelmeier.xlsb
TEMPELMEIER,TM_221AA_1,/research_data/migrated_data/class_1_6/class1_6_tempelmeier.xlsb
TEMPELMEIER,TM_222AA_1,/research_data/migrated_data/class_1_6/class1_6_tempelmeier.xlsb
TEMPELMEIER,TM_223AA_1,/research_data/migrated_data/class_1_6/class1_6_tempelmeier.xlsb
TEMPELMEIER,TM_224AA_1,/research_data/migrated_data/class_1_6/class1_6_tempelmeier.xlsb
TEMPELMEIER,TM_231AA_1,/research_data/migrated_data/class_1_6/class1_6_tempelmeier.xlsb
TEMPELMEIER,TM_232AA_1,/research_data/migrated_data/class_1_6/class1_6_tempelmeier.xlsb
TEMPELMEIER,TM_233AA_1,/research_data/migrated_data/class_1_6/class1_6_tempelmeier.xlsb
TEMPELMEIER,TM_234AA_1,/research_data/migrated_data/class_1_6/class1_6_tempelmeier.xlsb
TEMPELMEIER,TM_211AA_2,/research_data/migrated_data/class_1_6/class1_6_tempelmeier.xlsb
TEMPELMEIER,TM_212AA_2,/research_data/migrated_data/class_1_6/class1_6_tempelmeier.xlsb
TEMPELMEIER,TM_213AA_2,/research_data/migrated_data/class_1_6/class1_6_tempelmeier.xlsb
TEMPELMEIER,TM_214AA_2,/research_data/migrated_data/class_1_6/class1_6_tempelmeier.xlsb
TEMPELMEIER,TM_221AA_2,/research_data/migrated_data/class_1_6/class1_6_tempelmeier.xlsb
TEMPELMEIER,TM_222AA_2,/research_data/migrated_data/class_1_6/class1_6_tempelmeier.xlsb
TEMPELMEIER,TM_223AA_2,/research_data/migrated_data/class_1_6/class1_6_tempelmeier.xlsb
TEMPELMEIER,TM_224AA_2,/research_data/migrated_data/class_1_6/class1_6_tempelmeier.xlsb
TEMPELMEIER,TM_231AA_2,/research_data/migrated_data/class_1_6/class1_6_tempelmeier.xlsb
TEMPELMEIER,TM_232AA_2,/research_data/migrated_data/class_1_6/class1_6_tempelmeier.xlsb
TEMPELMEIER,TM_233AA_2,/research_data/migrated_data/class_1_6/class1_6_tempelmeier.xlsb
TEMPELMEIER,TM_234AA_2,/research_data/migrated_data/class_1_6/class1_6_tempelmeier.xlsb
TEMPELMEIER,TM_211AC_1,/research_data/migrated_data/class_1_6/class1_6_tempelmeier.xlsb
TEMPELMEIER,TM_212AC_1,/research_data/migrated_data/class_1_6/class1_6_tempelmeier.xlsb
TEMPELMEIER,TM_213AC_1,/research_data/migrated_data/class_1_6/class1_6_tempelmeier.xlsb
TEMPELMEIER,TM_214AC_1,/research_data/migrated_data/class_1_6/class1_6_tempelmeier.xlsb
TEMPELMEIER,TM_221AC_1,/research_data/migrated_data/class_1_6/class1_6_tempelmeier.xlsb
TEMPELMEIER,TM_222AC_1,/research_data/migrated_data/class_1_6/class1_6_tempelmeier.xlsb
TEMPELMEIER,TM_223AC_1,/research_data/migrated_data/class_1_6/class1_6_tempelmeier.xlsb
TEMPELMEIER,TM_224AC_1,/research_data/migrated_data/class_1_6/class1_6_tempelmeier.xlsb
TEMPELMEIER,TM_231AC_1,/research_data/migrated_data/class_1_6/class1_6_tempelmeier.xlsb
TEMPELMEIER,TM_232AC_1,/research_data/migrated_data/class_1_6/class1_6_tempelmeier.xlsb
TEMPELMEIER,TM_233AC_1,/research_data/migrated_data/class_1_6/class1_6_tempelmeier.xlsb
TEMPELMEIER,TM_234AC_1,/research_data/migrated_data/class_1_6/class1_6_tempelmeier.xlsb
TEMPELMEIER,TM_211AC_2,/research_data/migrated_data/class_1_6/class1_6_tempelmeier.xlsb
TEMPELMEIER,TM_212AC_2,/research_data/migrated_data/class_1_6/class1_6_tempelmeier.xlsb
TEMPELMEIER,TM_213AC_2,/research_data/migrated_data/class_1_6/class1_6_tempelmeier.xlsb
TEMPELMEIER,TM_214AC_2,/research_data/migrated_data/class_1_6/class1_6_tempelmeier.xlsb
TEMPELMEIER,TM_221AC_2,/research_data/migrated_data/class_1_6/class1_6_tempelmeier.xlsb
TEMPELMEIER,TM_222AC_2,/research_data/migrated_data/class_1_6/class1_6_tempelmeier.xlsb
TEMPELMEIER,TM_223AC_2,/research_data/migrated_data/class_1_6/class1_6_tempelmeier.xlsb
TEMPELMEIER,TM_224AC_2,/research_data/migrated_data/class_1_6/class1_6_tempelmeier.xlsb
TEMPELMEIER,TM_231AC_2,/research_data/migrated_data/class_1_6/class1_6_tempelmeier.xlsb
TEMPELMEIER,TM_232AC_2,/research_data/migrated_data/class_1_6/class1_6_tempelmeier.xlsb
TEMPELMEIER,TM_233AC_2,/research_data/migrated_data/class_1_6/class1_6_tempelmeier.xlsb
TEMPELMEIER,TM_234AC_2,/research_data/migrated_data/class_1_6/class1_6_tempelmeier.xlsb
TEMPELMEIER,TM_211GA_1,/research_data/migrated_data/class_1_6/class1_6_tempelmeier.xlsb
TEMPELMEIER,TM_212GA_1,/research_data/migrated_data/class_1_6/class1_6_tempelmeier.xlsb
TEMPELMEIER,TM_213GA_1,/research_data/migrated_data/class_1_6/class1_6_tempelmeier.xlsb
TEMPELMEIER,TM_214GA_1,/research_data/migrated_data/class_1_6/class1_6_tempelmeier.xlsb
TEMPELMEIER,TM_221GA_1,/research_data/migrated_data/class_1_6/class1_6_tempelmeier.xlsb
TEMPELMEIER,TM_222GA_1,/research_data/migrated_data/class_1_6/class1_6_tempelmeier.xlsb
TEMPELMEIER,TM_223GA_1,/research_data/migrated_data/class_1_6/class1_6_tempelmeier.xlsb
TEMPELMEIER,TM_224GA_1,/research_data/migrated_data/class_1_6/class1_6_tempelmeier.xlsb
TEMPELMEIER,TM_231GA_1,/research_data/migrated_data/class_1_6/class1_6_tempelmeier.xlsb
TEMPELMEIER,TM_232GA_1,/research_data/migrated_data/class_1_6/class1_6_tempelmeier.xlsb
TEMPELMEIER,TM_233GA_1,/research_data/migrated_data/class_1_6/class1_6_tempelmeier.xlsb
TEMPELMEIER,TM_234GA_1,/research_data/migrated_data/class_1_6/class1_6_tempelmeier.xlsb
TEMPELMEIER,TM_211GA_2,/research_data/migrated_data/class_1_6/class1_6_tempelmeier.xlsb
TEMPELMEIER,TM_212GA_2,/research_data/migrated_data/class_1_6/class1_6_tempelmeier.xlsb
TEMPELMEIER,TM_213GA_2,/research_data/migrated_data/class_1_6/class1_6_tempelmeier.xlsb
TEMPELMEIER,TM_214GA_2,/research_data/migrated_data/class_1_6/class1_6_tempelmeier.xlsb
TEMPELMEIER,TM_221GA_2,/research_data/migrated_data/class_1_6/class1_6_tempelmeier.xlsb
TEMPELMEIER,TM_222GA_2,/research_data/migrated_data/class_1_6/class1_6_tempelmeier.xlsb
TEMPELMEIER,TM_223GA_2,/research_data/migrated_data/class_1_6/class1_6_tempelmeier.xlsb
TEMPELMEIER,TM_224GA_2,/research_data/migrated_data/class_1_6/class1_6_tempelmeier.xlsb
TEMPELMEIER,TM_231GA_2,/research_data/migrated_data/class_1_6/class1_6_tempelmeier.xlsb
TEMPELMEIER,TM_232GA_2,/research_data/migrated_data/class_1_6/class1_6_tempelmeier.xlsb
TEMPELMEIER,TM_233GA_2,/research_data/migrated_data/class_1_6/class1_6_tempelmeier.xlsb
TEMPELMEIER,TM_234GA_2,/research_data/migrated_data/class_1_6/class1_6_tempelmeier.xlsb
TEMPELMEIER,TM_211GC_1,/research_data/migrated_data/class_1_6/class1_6_tempelmeier.xlsb
TEMPELMEIER,TM_212GC_1,/research_data/migrated_data/class_1_6/class1_6_tempelmeier.xlsb
TEMPELMEIER,TM_213GC_1,/research_data/migrated_data/class_1_6/class1_6_tempelmeier.xlsb
TEMPELMEIER,TM_214GC_1,/research_data/migrated_data/class_1_6/class1_6_tempelmeier.xlsb
TEMPELMEIER,TM_221GC_1,/research_data/migrated_data/class_1_6/class1_6_tempelmeier.xlsb
TEMPELMEIER,TM_222GC_1,/research_data/migrated_data/class_1_6/class1_6_tempelmeier.xlsb
TEMPELMEIER,TM_223GC_1,/research_data/migrated_data/class_1_6/class1_6_tempelmeier.xlsb
TEMPELMEIER,TM_224GC_1,/research_data/migrated_data/class_1_6/class1_6_tempelmeier.xlsb
TEMPELMEIER,TM_231GC_1,/research_data/migrated_data/class_1_6/class1_6_tempelmeier.xlsb
TEMPELMEIER,TM_232GC_1,/research_data/migrated_data/class_1_6/class1_6_tempelmeier.xlsb
TEMPELMEIER,TM_233GC_1,/research_data/migrated_data/class_1_6/class1_6_tempelmeier.xlsb
TEMPELMEIER,TM_234GC_1,/research_data/migrated_data/class_1_6/class1_6_tempelmeier.xlsb
TEMPELMEIER,TM_211GC_2,/research_data/migrated_data/class_1_6/class1_6_tempelmeier.xlsb
TEMPELMEIER,TM_212GC_2,/research_data/migrated_data/class_1_6/class1_6_tempelmeier.xlsb
TEMPELMEIER,TM_213GC_2,/research_data/migrated_data/class_1_6/class1_6_tempelmeier.xlsb
TEMPELMEIER,TM_214GC_2,/research_data/migrated_data/class_1_6/class1_6_tempelmeier.xlsb
TEMPELMEIER,TM_221GC_2,/research_data/migrated_data/class_1_6/class1_6_tempelmeier.xlsb
TEMPELMEIER,TM_222GC_2,/research_data/migrated_data/class_1_6/class1_6_tempelmeier.xlsb
TEMPELMEIER,TM_223GC_2,/research_data/migrated_data/class_1_6/class1_6_tempelmeier.xlsb
TEMPELMEIER,TM_224GC_2,/research_data/migrated_data/class_1_6/class1_6_tempelmeier.xlsb
TEMPELMEIER,TM_231GC_2,/research_data/migrated_data/class_1_6/class1_6_tempelmeier.xlsb
TEMPELMEIER,TM_232GC_2,/research_data/migrated_data/class_1_6/class1_6_tempelmeier.xlsb
TEMPELMEIER,TM_233GC_2,/research_data/migrated_data/class_1_6/class1_6_tempelmeier.xlsb
TEMPELMEIER,TM_234GC_2,/research_data/migrated_data/class_1_6/class1_6_tempelmeier.xlsb
TEMPELMEIER,TM_311AA_1,/research_data/migrated_data/class_1_6/class1_6_tempelmeier.xlsb
TEMPELMEIER,TM_312AA_1,/research_data/migrated_data/class_1_6/class1_6_tempelmeier.xlsb
TEMPELMEIER,TM_321AA_1,/research_data/migrated_data/class_1_6/class1_6_tempelmeier.xlsb
TEMPELMEIER,TM_322AA_1,/research_data/migrated_data/class_1_6/class1_6_tempelmeier.xlsb
TEMPELMEIER,TM_331AA_1,/research_data/migrated_data/class_1_6/class1_6_tempelmeier.xlsb
TEMPELMEIER,TM_332AA_1,/research_data/migrated_data/class_1_6/class1_6_tempelmeier.xlsb
TEMPELMEIER,TM_311AA_2,/research_data/migrated_data/class_1_6/class1_6_tempelmeier.xlsb
TEMPELMEIER,TM_312AA_2,/research_data/migrated_data/class_1_6/class1_6_tempelmeier.xlsb
TEMPELMEIER,TM_321AA_2,/research_data/migrated_data/class_1_6/class1_6_tempelmeier.xlsb
TEMPELMEIER,TM_322AA_2,/research_data/migrated_data/class_1_6/class1_6_tempelmeier.xlsb
TEMPELMEIER,TM_331AA_2,/research_data/migrated_data/class_1_6/class1_6_tempelmeier.xlsb
TEMPELMEIER,TM_332AA_2,/research_data/migrated_data/class_1_6/class1_6_tempelmeier.xlsb
TEMPELMEIER,TM_311AC_1,/research_data/migrated_data/class_1_6/class1_6_tempelmeier.xlsb
TEMPELMEIER,TM_312AC_1,/research_data/migrated_data/class_1_6/class1_6_tempelmeier.xlsb
TEMPELMEIER,TM_321AC_1,/research_data/migrated_data/class_1_6/class1_6_tempelmeier.xlsb
TEMPELMEIER,TM_322AC_1,/research_data/migrated_data/class_1_6/class1_6_tempelmeier.xlsb
TEMPELMEIER,TM_331AC_1,/research_data/migrated_data/class_1_6/class1_6_tempelmeier.xlsb
TEMPELMEIER,TM_332AC_1,/research_data/migrated_data/class_1_6/class1_6_tempelmeier.xlsb
TEMPELMEIER,TM_311AC_2,/research_data/migrated_data/class_1_6/class1_6_tempelmeier.xlsb
TEMPELMEIER,TM_312AC_2,/research_data/migrated_data/class_1_6/class1_6_tempelmeier.xlsb
TEMPELMEIER,TM_321AC_2,/research_data/migrated_data/class_1_6/class1_6_tempelmeier.xlsb
TEMPELMEIER,TM_322AC_2,/research_data/migrated_data/class_1_6/class1_6_tempelmeier.xlsb
TEMPELMEIER,TM_331AC_2,/research_data/migrated_data/class_1_6/class1_6_tempelmeier.xlsb
TEMPELMEIER,TM_332AC_2,/research_data/migrated_data/class_1_6/class1_6_tempelmeier.xlsb
TEMPELMEIER,TM_311GA_1,/research_data/migrated_data/class_1_6/class1_6_tempelmeier.xlsb
TEMPELMEIER,TM_312GA_1,/research_data/migrated_data/class_1_6/class1_6_tempelmeier.xlsb
TEMPELMEIER,TM_321GA_1,/research_data/migrated_data/class_1_6/class1_6_tempelmeier.xlsb
TEMPELMEIER,TM_322GA_1,/research_data/migrated_data/class_1_6/class1_6_tempelmeier.xlsb
TEMPELMEIER,TM_331GA_1,/research_data/migrated_data/class_1_6/class1_6_tempelmeier.xlsb
TEMPELMEIER,TM_332GA_1,/research_data/migrated_data/class_1_6/class1_6_tempelmeier.xlsb
TEMPELMEIER,TM_311GA_2,/research_data/migrated_data/class_1_6/class1_6_tempelmeier.xlsb
TEMPELMEIER,TM_312GA_2,/research_data/migrated_data/class_1_6/class1_6_tempelmeier.xlsb
TEMPELMEIER,TM_321GA_2,/research_data/migrated_data/class_1_6/class1_6_tempelmeier.xlsb
TEMPELMEIER,TM_322GA_2,/research_data/migrated_data/class_1_6/class1_6_tempelmeier.xlsb
TEMPELMEIER,TM_331GA_2,/research_data/migrated_data/class_1_6/class1_6_tempelmeier.xlsb
TEMPELMEIER,TM_332GA_2,/research_data/migrated_data/class_1_6/class1_6_tempelmeier.xlsb
TEMPELMEIER,TM_311GC_1,/research_data/migrated_data/class_1_6/class1_6_tempelmeier.xlsb
TEMPELMEIER,TM_312GC_1,/research_data/migrated_data/class_1_6/class1_6_tempelmeier.xlsb
TEMPELMEIER,TM_321GC_1,/research_data/migrated_data/class_1_6/class1_6_tempelmeier.xlsb
TEMPELMEIER,TM_322GC_1,/research_data/migrated_data/class_1_6/class1_6_tempelmeier.xlsb
TEMPELMEIER,TM_331GC_1,/research_data/migrated_data/class_1_6/class1_6_tempelmeier.xlsb
TEMPELMEIER,TM_332GC_1,/research_data/migrated_data/class_1_6/class1_6_tempelmeier.xlsb
TEMPELMEIER,TM_311GC_2,/research_data/migrated_data/class_1_6/class1_6_tempelmeier.xlsb
TEMPELMEIER,TM_312GC_2,/research_data/migrated_data/class_1_6/class1_6_tempelmeier.xlsb
TEMPELMEIER,TM_321GC_2,/research_data/migrated_data/class_1_6/class1_6_tempelmeier.xlsb
TEMPELMEIER,TM_322GC_2,/research_data/migrated_data/class_1_6/class1_6_tempelmeier.xlsb
TEMPELMEIER,TM_331GC_2,/research_data/migrated_data/class_1_6/class1_6_tempelmeier.xlsb
TEMPELMEIER,TM_332GC_2,/research_data/migrated_data/class_1_6/class1_6_tempelmeier.xlsb
TEMPELMEIER,TM_411AA_1,/research_data/migrated_data/class_1_6/class1_6_tempelmeier.xlsb
TEMPELMEIER,TM_412AA_1,/research_data/migrated_data/class_1_6/class1_6_tempelmeier.xlsb
TEMPELMEIER,TM_421AA_1,/research_data/migrated_data/class_1_6/class1_6_tempelmeier.xlsb
TEMPELMEIER,TM_422AA_1,/research_data/migrated_data/class_1_6/class1_6_tempelmeier.xlsb
TEMPELMEIER,TM_431AA_1,/research_data/migrated_data/class_1_6/class1_6_tempelmeier.xlsb
TEMPELMEIER,TM_432AA_1,/research_data/migrated_data/class_1_6/class1_6_tempelmeier.xlsb
TEMPELMEIER,TM_411AA_2,/research_data/migrated_data/class_1_6/class1_6_tempelmeier.xlsb
TEMPELMEIER,TM_412AA_2,/research_data/migrated_data/class_1_6/class1_6_tempelmeier.xlsb
TEMPELMEIER,TM_421AA_2,/research_data/migrated_data/class_1_6/class1_6_tempelmeier.xlsb
TEMPELMEIER,TM_422AA_2,/research_data/migrated_data/class_1_6/class1_6_tempelmeier.xlsb
TEMPELMEIER,TM_431AA_2,/research_data/migrated_data/class_1_6/class1_6_tempelmeier.xlsb
TEMPELMEIER,TM_432AA_2,/research_data/migrated_data/class_1_6/class1_6_tempelmeier.xlsb
TEMPELMEIER,TM_411AC_1,/research_data/migrated_data/class_1_6/class1_6_tempelmeier.xlsb
TEMPELMEIER,TM_412AC_1,/research_data/migrated_data/class_1_6/class1_6_tempelmeier.xlsb
TEMPELMEIER,TM_421AC_1,/research_data/migrated_data/class_1_6/class1_6_tempelmeier.xlsb
TEMPELMEIER,TM_422AC_1,/research_data/migrated_data/class_1_6/class1_6_tempelmeier.xlsb
TEMPELMEIER,TM_431AC_1,/research_data/migrated_data/class_1_6/class1_6_tempelmeier.xlsb
TEMPELMEIER,TM_432AC_1,/research_data/migrated_data/class_1_6/class1_6_tempelmeier.xlsb
TEMPELMEIER,TM_411AC_2,/research_data/migrated_data/class_1_6/class1_6_tempelmeier.xlsb
TEMPELMEIER,TM_412AC_2,/research_data/migrated_data/class_1_6/class1_6_tempelmeier.xlsb
TEMPELMEIER,TM_421AC_2,/research_data/migrated_data/class_1_6/class1_6_tempelmeier.xlsb
TEMPELMEIER,TM_422AC_2,/research_data/migrated_data/class_1_6/class1_6_tempelmeier.xlsb
TEMPELMEIER,TM_431AC_2,/research_data/migrated_data/class_1_6/class1_6_tempelmeier.xlsb
TEMPELMEIER,TM_432AC_2,/research_data/migrated_data/class_1_6/class1_6_tempelmeier.xlsb
TEMPELMEIER,TM_411GA_1,/research_data/migrated_data/class_1_6/class1_6_tempelmeier.xlsb
TEMPELMEIER,TM_412GA_1,/research_data/migrated_data/class_1_6/class1_6_tempelmeier.xlsb
TEMPELMEIER,TM_421GA_1,/research_data/migrated_data/class_1_6/class1_6_tempelmeier.xlsb
TEMPELMEIER,TM_422GA_1,/research_data/migrated_data/class_1_6/class1_6_tempelmeier.xlsb
TEMPELMEIER,TM_431GA_1,/research_data/migrated_data/class_1_6/class1_6_tempelmeier.xlsb
TEMPELMEIER,TM_432GA_1,/research_data/migrated_data/class_1_6/class1_6_tempelmeier.xlsb
TEMPELMEIER,TM_411GA_2,/research_data/migrated_data/class_1_6/class1_6_tempelmeier.xlsb
TEMPELMEIER,TM_412GA_2,/research_data/migrated_data/class_1_6/class1_6_tempelmeier.xlsb
TEMPELMEIER,TM_421GA_2,/research_data/migrated_data/class_1_6/class1_6_tempelmeier.xlsb
TEMPELMEIER,TM_422GA_2,/research_data/migrated_data/class_1_6/class1_6_tempelmeier.xlsb
TEMPELMEIER,TM_431GA_2,/research_data/migrated_data/class_1_6/class1_6_tempelmeier.xlsb
TEMPELMEIER,TM_432GA_2,/research_data/migrated_data/class_1_6/class1_6_tempelmeier.xlsb
TEMPELMEIER,TM_411GC_1,/research_data/migrated_data/class_1_6/class1_6_tempelmeier.xlsb
TEMPELMEIER,TM_412GC_1,/research_data/migrated_data/class_1_6/class1_6_tempelmeier.xlsb
TEMPELMEIER,TM_421GC_1,/research_data/migrated_data/class_1_6/class1_6_tempelmeier.xlsb
TEMPELMEIER,TM_422GC_1,/research_data/migrated_data/class_1_6/class1_6_tempelmeier.xlsb
TEMPELMEIER,TM_431GC_1,/research_data/migrated_data/class_1_6/class1_6_tempelmeier.xlsb
TEMPELMEIER,TM_432GC_1,/research_data/migrated_data/class_1_6/class1_6_tempelmeier.xlsb
TEMPELMEIER,TM_411GC_2,/research_data/migrated_data/class_1_6/class1_6_tempelmeier.xlsb
TEMPELMEIER,TM_412GC_2,/research_data/migrated_data/class_1_6/class1_6_tempelmeier.xlsb
TEMPELMEIER,TM_421GC_2,/research_data/migrated_data/class_1_6/class1_6_tempelmeier.xlsb
TEMPELMEIER,TM_422GC_2,/research_data/migrated_data/class_1_6/class1_6_tempelmeier.xlsb
TEMPELMEIER,TM_431GC_2,/research_data/migrated_data/class_1_6/class1_6_tempelmeier.xlsb
TEMPELMEIER,TM_432GC_2,/research_data/migrated_data/class_1_6/class1_6_tempelmeier.xlsb
TEMPELMEIER,TM_511AA_1,/research_data/migrated_data/class_1_6/class1_6_tempelmeier.xlsb
TEMPELMEIER,TM_512AA_1,/research_data/migrated_data/class_1_6/class1_6_tempelmeier.xlsb
TEMPELMEIER,TM_521AA_1,/research_data/migrated_data/class_1_6/class1_6_tempelmeier.xlsb
TEMPELMEIER,TM_522AA_1,/research_data/migrated_data/class_1_6/class1_6_tempelmeier.xlsb
TEMPELMEIER,TM_531AA_1,/research_data/migrated_data/class_1_6/class1_6_tempelmeier.xlsb
TEMPELMEIER,TM_532AA_1,/research_data/migrated_data/class_1_6/class1_6_tempelmeier.xlsb
TEMPELMEIER,TM_511AA_2,/research_data/migrated_data/class_1_6/class1_6_tempelmeier.xlsb
TEMPELMEIER,TM_512AA_2,/research_data/migrated_data/class_1_6/class1_6_tempelmeier.xlsb
TEMPELMEIER,TM_521AA_2,/research_data/migrated_data/class_1_6/class1_6_tempelmeier.xlsb
TEMPELMEIER,TM_522AA_2,/research_data/migrated_data/class_1_6/class1_6_tempelmeier.xlsb
TEMPELMEIER,TM_531AA_2,/research_data/migrated_data/class_1_6/class1_6_tempelmeier.xlsb
TEMPELMEIER,TM_532AA_2,/research_data/migrated_data/class_1_6/class1_6_tempelmeier.xlsb
TEMPELMEIER,TM_511AC_1,/research_data/migrated_data/class_1_6/class1_6_tempelmeier.xlsb
TEMPELMEIER,TM_512AC_1,/research_data/migrated_data/class_1_6/class1_6_tempelmeier.xlsb
TEMPELMEIER,TM_521AC_1,/research_data/migrated_data/class_1_6/class1_6_tempelmeier.xlsb
TEMPELMEIER,TM_522AC_1,/research_data/migrated_data/class_1_6/class1_6_tempelmeier.xlsb
TEMPELMEIER,TM_531AC_1,/research_data/migrated_data/class_1_6/class1_6_tempelmeier.xlsb
TEMPELMEIER,TM_532AC_1,/research_data/migrated_data/class_1_6/class1_6_tempelmeier.xlsb
TEMPELMEIER,TM_511AC_2,/research_data/migrated_data/class_1_6/class1_6_tempelmeier.xlsb
TEMPELMEIER,TM_512AC_2,/research_data/migrated_data/class_1_6/class1_6_tempelmeier.xlsb
TEMPELMEIER,TM_521AC_2,/research_data/migrated_data/class_1_6/class1_6_tempelmeier.xlsb
TEMPELMEIER,TM_522AC_2,/research_data/migrated_data/class_1_6/class1_6_tempelmeier.xlsb
TEMPELMEIER,TM_531AC_2,/research_data/migrated_data/class_1_6/class1_6_tempelmeier.xlsb
TEMPELMEIER,TM_532AC_2,/research_data/migrated_data/class_1_6/class1_6_tempelmeier.xlsb
TEMPELMEIER,TM_511GA_1,/research_data/migrated_data/class_1_6/class1_6_tempelmeier.xlsb
TEMPELMEIER,TM_512GA_1,/research_data/migrated_data/class_1_6/class1_6_tempelmeier.xlsb
TEMPELMEIER,TM_521GA_1,/research_data/migrated_data/class_1_6/class1_6_tempelmeier.xlsb
TEMPELMEIER,TM_522GA_1,/research_data/migrated_data/class_1_6/class1_6_tempelmeier.xlsb
TEMPELMEIER,TM_531GA_1,/research_data/migrated_data/class_1_6/class1_6_tempelmeier.xlsb
TEMPELMEIER,TM_532GA_1,/research_data/migrated_data/class_1_6/class1_6_tempelmeier.xlsb
TEMPELMEIER,TM_511GA_2,/research_data/migrated_data/class_1_6/class1_6_tempelmeier.xlsb
TEMPELMEIER,TM_512GA_2,/research_data/migrated_data/class_1_6/class1_6_tempelmeier.xlsb
TEMPELMEIER,TM_521GA_2,/research_data/migrated_data/class_1_6/class1_6_tempelmeier.xlsb
TEMPELMEIER,TM_522GA_2,/research_data/migrated_data/class_1_6/class1_6_tempelmeier.xlsb
TEMPELMEIER,TM_531GA_2,/research_data/migrated_data/class_1_6/class1_6_tempelmeier.xlsb
TEMPELMEIER,TM_532GA_2,/research_data/migrated_data/class_1_6/class1_6_tempelmeier.xlsb
TEMPELMEIER,TM_511GC_1,/research_data/migrated_data/class_1_6/class1_6_tempelmeier.xlsb
TEMPELMEIER,TM_512GC_1,/research_data/migrated_data/class_1_6/class1_6_tempelmeier.xlsb
TEMPELMEIER,TM_521GC_1,/research_data/migrated_data/class_1_6/class1_6_tempelmeier.xlsb
TEMPELMEIER,TM_522GC_1,/research_data/migrated_data/class_1_6/class1_6_tempelmeier.xlsb
TEMPELMEIER,TM_531GC_1,/research_data/migrated_data/class_1_6/class1_6_tempelmeier.xlsb
TEMPELMEIER,TM_532GC_1,/research_data/migrated_data/class_1_6/class1_6_tempelmeier.xlsb
TEMPELMEIER,TM_511GC_2,/research_data/migrated_data/class_1_6/class1_6_tempelmeier.xlsb
TEMPELMEIER,TM_512GC_2,/research_data/migrated_data/class_1_6/class1_6_tempelmeier.xlsb
TEMPELMEIER,TM_521GC_2,/research_data/migrated_data/class_1_6/class1_6_tempelmeier.xlsb
TEMPELMEIER,TM_522GC_2,/research_data/migrated_data/class_1_6/class1_6_tempelmeier.xlsb
TEMPELMEIER,TM_531GC_2,/research_data/migrated_data/class_1_6/class1_6_tempelmeier.xlsb
TEMPELMEIER,TM_532GC_2,/research_data/migrated_data/class_1_6/class1_6_tempelmeier.xlsb
TEMPELMEIER,TM_611AA_1,/research_data/migrated_data/class_1_6/class1_6_tempelmeier.xlsb
TEMPELMEIER,TM_612AA_1,/research_data/migrated_data/class_1_6/class1_6_tempelmeier.xlsb
TEMPELMEIER,TM_621AA_1,/research_data/migrated_data/class_1_6/class1_6_tempelmeier.xlsb
TEMPELMEIER,TM_622AA_1,/research_data/migrated_data/class_1_6/class1_6_tempelmeier.xlsb
TEMPELMEIER,TM_631AA_1,/research_data/migrated_data/class_1_6/class1_6_tempelmeier.xlsb
TEMPELMEIER,TM_632AA_1,/research_data/migrated_data/class_1_6/class1_6_tempelmeier.xlsb
TEMPELMEIER,TM_611AA_2,/research_data/migrated_data/class_1_6/class1_6_tempelmeier.xlsb
TEMPELMEIER,TM_612AA_2,/research_data/migrated_data/class_1_6/class1_6_tempelmeier.xlsb
TEMPELMEIER,TM_621AA_2,/research_data/migrated_data/class_1_6/class1_6_tempelmeier.xlsb
TEMPELMEIER,TM_622AA_2,/research_data/migrated_data/class_1_6/class1_6_tempelmeier.xlsb
TEMPELMEIER,TM_631AA_2,/research_data/migrated_data/class_1_6/class1_6_tempelmeier.xlsb
TEMPELMEIER,TM_632AA_2,/research_data/migrated_data/class_1_6/class1_6_tempelmeier.xlsb
TEMPELMEIER,TM_611AC_1,/research_data/migrated_data/class_1_6/class1_6_tempelmeier.xlsb
TEMPELMEIER,TM_612AC_1,/research_data/migrated_data/class_1_6/class1_6_tempelmeier.xlsb
TEMPELMEIER,TM_621AC_1,/research_data/migrated_data/class_1_6/class1_6_tempelmeier.xlsb
TEMPELMEIER,TM_622AC_1,/research_data/migrated_data/class_1_6/class1_6_tempelmeier.xlsb
TEMPELMEIER,TM_631AC_1,/research_data/migrated_data/class_1_6/class1_6_tempelmeier.xlsb
TEMPELMEIER,TM_632AC_1,/research_data/migrated_data/class_1_6/class1_6_tempelmeier.xlsb
TEMPELMEIER,TM_611AC_2,/research_data/migrated_data/class_1_6/class1_6_tempelmeier.xlsb
TEMPELMEIER,TM_612AC_2,/research_data/migrated_data/class_1_6/class1_6_tempelmeier.xlsb
TEMPELMEIER,TM_621AC_2,/research_data/migrated_data/class_1_6/class1_6_tempelmeier.xlsb
TEMPELMEIER,TM_622AC_2,/research_data/migrated_data/class_1_6/class1_6_tempelmeier.xlsb
TEMPELMEIER,TM_631AC_2,/research_data/migrated_data/class_1_6/class1_6_tempelmeier.xlsb
TEMPELMEIER,TM_632AC_2,/research_data/migrated_data/class_1_6/class1_6_tempelmeier.xlsb
TEMPELMEIER,TM_611GA_1,/research_data/migrated_data/class_1_6/class1_6_tempelmeier.xlsb
TEMPELMEIER,TM_612GA_1,/research_data/migrated_data/class_1_6/class1_6_tempelmeier.xlsb
TEMPELMEIER,TM_621GA_1,/research_data/migrated_data/class_1_6/class1_6_tempelmeier.xlsb
TEMPELMEIER,TM_622GA_1,/research_data/migrated_data/class_1_6/class1_6_tempelmeier.xlsb
TEMPELMEIER,TM_631GA_1,/research_data/migrated_data/class_1_6/class1_6_tempelmeier.xlsb
TEMPELMEIER,TM_632GA_1,/research_data/migrated_data/class_1_6/class1_6_tempelmeier.xlsb
TEMPELMEIER,TM_611GA_2,/research_data/migrated_data/class_1_6/class1_6_tempelmeier.xlsb
TEMPELMEIER,TM_612GA_2,/research_data/migrated_data/class_1_6/class1_6_tempelmeier.xlsb
TEMPELMEIER,TM_621GA_2,/research_data/migrated_data/class_1_6/class1_6_tempelmeier.xlsb
TEMPELMEIER,TM_622GA_2,/research_data/migrated_data/class_1_6/class1_6_tempelmeier.xlsb
TEMPELMEIER,TM_631GA_2,/research_data/migrated_data/class_1_6/class1_6_tempelmeier.xlsb
TEMPELMEIER,TM_632GA_2,/research_data/migrated_data/class_1_6/class1_6_tempelmeier.xlsb
TEMPELMEIER,TM_611GC_1,/research_data/migrated_data/class_1_6/class1_6_tempelmeier.xlsb
TEMPELMEIER,TM_612GC_1,/research_data/migrated_data/class_1_6/class1_6_tempelmeier.xlsb
TEMPELMEIER,TM_621GC_1,/research_data/migrated_data/class_1_6/class1_6_tempelmeier.xlsb
TEMPELMEIER,TM_622GC_1,/research_data/migrated_data/class_1_6/class1_6_tempelmeier.xlsb
TEMPELMEIER,TM_631GC_1,/research_data/migrated_data/class_1_6/class1_6_tempelmeier.xlsb
TEMPELMEIER,TM_632GC_1,/research_data/migrated_data/class_1_6/class1_6_tempelmeier.xlsb
TEMPELMEIER,TM_611GC_2,/research_data/migrated_data/class_1_6/class1_6_tempelmeier.xlsb
TEMPELMEIER,TM_612GC_2,/research_data/migrated_data/class_1_6/class1_6_tempelmeier.xlsb
TEMPELMEIER,TM_621GC_2,/research_data/migrated_data/class_1_6/class1_6_tempelmeier.xlsb
TEMPELMEIER,TM_622GC_2,/research_data/migrated_data/class_1_6/class1_6_tempelmeier.xlsb
TEMPELMEIER,TM_631GC_2,/research_data/migrated_data/class_1_6/class1_6_tempelmeier.xlsb
TEMPELMEIER,TM_632GC_2,/research_data/migrated_data/class_1_6/class1_6_tempelmeier.xlsb
